ReviewId,Comment,VADER,ChatGPT,llama-3.3-70b-versatile,Llama-3,AI_Average,Gap_Vader_vs_AI
77953542065,"Làm đẹp:da dầu

Hàng xài đã, mát lạnh, cảm thấy nhẹ mặt, sau khi đắp thấy mặt sạch hơn ❤️‍🔥❤️‍🔥❤️‍🔥❤️‍🔥❤️‍🔥❤️‍🔥❤️‍🔥❤️‍🔥",-1.0,1.0,1.0,1.0,1.0,2.0
49833954824,"9🎙️ DIỄN ĐÀN ĐỐI THOẠI THẲNG THẮN – KẾT NỐI THẤU HIỂU – PHÁT TRIỂN VỮNG MẠNH 🎙️

Với tinh thần dân chủ, cởi mở và cùng hướng tới một môi trường học tập tích cực, Diễn đàn đối thoại giữa Lãnh đạo nhà trường và đại diện học sinh 53 lớp đã diễn ra trong không khí ấm áp, thân thiện và đầy tính xây dựng.

🤝 Với mục đích tạo cầu nối giao tiếp giữa Ban Giám hiệu và học sinh, lắng nghe những tâm tư, nguyện vọng, cũng như các đề xuất thiết thực từ phía học sinh – những người trực tiếp trải nghiệm môi trường học tập mỗi ngày.
Tại đây, các ý kiến được đưa ra một cách chân thành, thẳng thắn và đầy trách nhiệm, thể hiện sự thấu hiểu, quan tâm đến chất lượng giáo dục và sinh hoạt học đường.

💬 Từ cơ sở vật chất, lịch học, hoạt động ngoại khóa, đến nếp sống văn hóa học đường – tất cả đều được học sinh bày tỏ với mong muốn xây dựng một THPT Nguyễn Trung Trực văn minh, hiện đại và gần gũi hơn.

👏 Diễn đàn khép lại với nhiều kết quả tích cực và một tinh thần đồng hành đầy lạc quan. Sự tin tưởng, sẻ chia giữa thầy – trò một lần nữa được củng cố, khẳng định rằng:
🌟 HỌC SINH LÀ TRUNG TÂM – LÃNH ĐẠO LÀ NGƯỜI ĐỒNG HÀNH 🌟

❤️ Xin cảm ơn tất cả các bạn học sinh đã thể hiện trách nhiệm và tình yêu với mái trường Nguyễn Trung Trực. Cảm ơn Ban Giám hiệu đã luôn lắng nghe, sẵn sàng thay đổi vì một môi trường giáo dục ngày càng tốt đẹp hơn!
---------------------------------------
#truongthptnguyentrungtruc
#dienandoithoai
#namhoc24-25",-1.0,1.0,1.0,0.95,0.9833333333333334,1.9833333333333334
13028493294,"Công dụng:làm đẹpppppp
Độ bền màu:tôystyy, rất tốttttt

Uki la lắm, lần t3 mua son r :))) mà bâyh mới đc màu ưng ý (P307) tô 1 lớp mỏng nhìn tự nhiên lắm còn tô đậm thì xynhhhhhhh , son sau khi bám thì lì lắm nhe ( như vid) vị son ngọt ngọt siu mê luônnnn .k bíc nhầm lẫn gì k nhma tự dưng đc tặng cái gương kia, cảm ơn shop nhìu ạ",-1.0,1.0,0.9,0.95,0.9499999999999998,1.9499999999999997
67918648462,"💎Linearthinking - Nâng Trình IELTS Cả 4 Kỹ Năng Cho Hội Sĩ Tử💎
👍Hết học tủ, học mẹo, dậm chân tại chỗ, tiến bộ chậm chạp nhờ Linearthinking độc quyền tại DOL IELTS Đình Lực, tìm hiểu ngay nhé: https://www.dolenglish.vn/

😓Thú nhận đi, bạn có đang ""vùng vẫy"" với bài toán khó nhằn mang tên IELTS?
👉Đọc, nói và viết phải dịch từ tiếng Việt, tra từ điển, ""rặn"" từng chữ
👉Khá hơn một chút là đọc được, nói được, viết được kha khá mà hay mắc bẫy, bí ý
👉Đặc biệt nhất là chậm tiến bộ, học xong không nhớ, không dùng được, ""kẹt band"" hoài mà thấy tức!

👋Bạn ơi, buồn một nét thôi rồi để DOL bật mí ngay cho một cách học IELTS xịn sò, có 1-0-2, đảm bảo tăn g band vù vù luôn nha. Đó chính là Hệ tư duy Linearthinking - đánh bay mọi âu lo, giải quyết bài thi IELTS chỉ ""trong 1 nốt nhạc"":
🙅Nói không với học tủ, học mẹo, Linearthinking giúp các bạn đọc hiểu nhanh, đúng và tránh bẫy gọn gàng
💁Học viết và nói từng bước khoa học: từ một câu đơn giản, mà phải đúng, đến một câu hay rồi một đoạn, một bài mạch lạc, logic
🙆Đề nào cũng ""quẩy"" tự tin khi đã có tư duy cụ thể hóa
🙋Học đến đâu nhớ đến đó, dùng được ngay với mô hình tư duy độc quyền

️🎯Quá đỉnh đúng không nè? Chưa hết, giáo viên ở DOL không chỉ giỏi mà còn cực kỳ tận tâm, theo sát từng học viên và sẵn sàng hỗ trợ thêm ngoài giờ học. DOL còn tặng các bạn tài khoản sử dụng nền tảng công nghệ thông minh để luyện tập thật tiện lợi, mọi lúc mọi nơi!

💪Vậy nên, đừng ""chôn chân"" trong những cách học không phù hợp trước đây mà hãy bứt phá, cho bản thân cơ hội thử sức với Linearthinking nhé. Đảm bảo bạn sẽ thấy mình tiến bộ rõ rệt qua từng buổi học, nhanh chóng chinh phục mục tiêu IELTS như ý.

Inbox DOL ngay để làm test đầu vào miễn phí và được tư vấn lộ trình học thật chi tiết nha: m.me/dolenglish.ieltsdinhluc

-----
DOL English - IELTS Đình Lực hiện có 15+ cơ sở trên toàn quốc: 10+ cơ sở tại TP.HCM, 4 cơ sở tại Hà Nội, 1 cơ sở tại Đà Nẵng cùng các khóa học Online siêu tương tác, đảm bảo hiệu quả, cam kết đầu ra.
🗓Xem thêm thông tin các khóa học và lịch khai giảng tại: https://www.dolenglish.vn/
☎Hotline: 1800.96.96.39",-1.0,1.0,0.9,0.93,0.9433333333333334,1.9433333333333334
11311069362,"Bao bì:dep
Kinh nghiệm sử dụng:chưa sd bao giờ
Lợi ích:son môi

Shop gửi hàng khá nhanh, đóng gói cẩn thận, mua 2 thỏi được tặng thêm 1 mặt nạ và 1 mút tán, son 0308 màu khá đẹp, tôn da, chất son ban đầu lỏng và bóng, sau khi đánh chờ khoảng 10-15s son sẽ set dần trên môi thành màu lì, bao bì thỏi son cũng đẹp hơn so với giá thành, cầm khá chắc tay, ủng hộ Địch Lệ Nhiệt Ba đại diện của hãng! ❤️‍🔥",-1.0,0.9,0.9,0.95,0.9166666666666666,1.9166666666666665
82223869658,"🚨𝐑𝐞𝐜𝐨𝐯𝐞𝐫 đ𝐚̃ 𝐜𝐮̛́𝐮 𝐭𝐨̂𝐢 𝟏 𝐛𝐚̀𝐧 𝐭𝐡𝐮𝐚 𝐭𝐫𝐨̂𝐧𝐠 𝐭𝐡𝐚̂́𝐲🔥
👉 Trợ thụ đắc lực giúp cho Ace chủ salon dễ dàng xử lý những chất tóc siêu yếu, mất đàn hồi, nhũn mủn trong nhưng mùa tết cực đông khách!

👉 giúp tóc nhũn do sock thuốc bị mất hết đàn hồi sẽ đanh lại ngay tức thì.
❗️xử lý khi phát hiện tóc bị nhũn, chải trực tiếp Recover lên phần tóc nhũn massa 5-7p khi nào thấy tóc đanh lại thì làm tiếp các bước như bình thường!

🚨Ace quan tâm ib ngay để nhận tư vấn về Sản phẩm Tinh chất Recover nha💥",-1.0,0.9,0.9,0.9,0.9,1.9
78963021985,"Da mềm mịn:mem min
Làm sáng da:sang da
Mùi:thom nhe

Giao hàng nhanh ak. Dưỡng da- cấp ẩm. Mềm. Giao nhanh. Sẽ ủng hộ lần sau ạ. Nên mia nha mn",-1.0,1.0,0.9,0.8,0.9,1.9
35876373159,"ship nhanh đóng gói cẩn thận lắm nhe
hàng chuẩn
dễ sử dụng mọi ngừoi mia ik",-1.0,1.0,0.9,0.8,0.9,1.9
16883997101,"Trong hình thì son lên tay k rõ lắm nhưng lên môi bảo đảm xinh nha. Màu này lên môi ánh hồng, son bóng nên siêu đáng iu. Mình mua son giá tầm trung nên ban đầu cũng k kì vọng nhiều, nhưng son màu đẹp quá ạ. Thật sự rcm mng mua, săn sale giá càng rẻ nè.",-1.0,0.9,0.9,0.9,0.9,1.9
33284209644,"Phấn Phủ Dạng Bột Siêu Mịn Lâu Trôi Colorkey Lasting Naturally-occurring Loose Powder là phấn phủ của thương hiệu Colorkey. Sản phẩm nổi bật với chất phấn siêu mịn, có độ bám tốt giúp che phủ lỗ chân lông, hỗ trợ kiềm dầu nhẹ nhàng cho lớp nền mỏng nhẹ, tự nhiên, khô thoáng mà không gây nặng mặt.",-1.0,0.9,0.8,0.9,0.8666666666666667,1.8666666666666667
30362600761,"Shop đóng gói hàng nhanh, hàng date xa, bọc steal chắc. Chất cũng mướt, bóng môi, không bị dính. Tô son bóng hạn chế bặm nhé",-1.0,0.9,0.8,0.8,0.8333333333333334,1.8333333333333335
10174988779,"Độ bền màu:khá ổn

Nhận hàng mình phải đem đi test liền vì rất mong và chất lượng son xứng đáng với sự chờ đợi của mình. Ban đầu bôi lên thì sẽ có 1 chút bóng dưỡng sau tầm 5p thì set 1 lớp tint mỏng nhẹ màu rất đẹp. Mua 1 son 1 eyeliner mà shop còn tặng mình thêm 1 eyeliner trắng và mặt nạ nữa, thật sự thì với giá này thì mình thấy rẻ vì chất lượng sp khá tốt",-1.0,0.9,0.8,0.8,0.8333333333333334,1.8333333333333335
82770400976,"🧧SHOPEE x LANBENA SIÊU SALE ĐẾN 50% 🧧
Đến ngay gian hàng LANBENA chính hãng tại Guardian nha 
🛒https://vn.shp.ee/WAEnyRMhttps://vn.shp.ee/WAEnyRM
✨Da đẹp dáng xinh cùng LANBENA
✨Hiện nay LANBENA đã có mặt tại các chuỗi cửa hàng online và offline của Guardian cùng vô vàn ưu đãi cực lớn sẵn sàng phục vụ các tín đồ làm đẹp bất kể ngày đêm nha 
#lanbena #shopeevn #skincare",-1.0,0.8,0.8,0.8,0.8000000000000002,1.8000000000000003
79116940961,"Hi bạn, mình pass phòng ở quận 8, bạn kham khảo nha
Giá và chi phí khác:
-4tr2 1 tháng
-3,8k 1kg điện
-25k 1 khối nước
-150k phí dịch vụ 
Phòng đầy đủ tiện nghi:
-Thang máy
-Máy lạnh
-tủ bếp
-Tủ quần áo
-Máy giặt dùng chung
-Nước nóng
-Ban công phơi đồ rộng rãi
-Hầm xe

Phòng sạch sẽ, an ninh, khu dân cư yên tĩnh.",-1.0,0.8,0.8,0.8,0.8000000000000002,1.8000000000000003
16594883113,"Mẹo:ok
Lợi ích:ok
Làm đẹp:ok

☎️𝑻áo Store - 𝒄𝒉𝒖𝒚𝒆̂𝒏 𝒄𝒂́𝒄 𝒔𝒂̉𝒏 𝒑𝒉𝒂̂̉𝒎 𝑨𝒑𝒑𝒍𝒆 𝒄𝒉𝒊́𝒏𝒉 𝒉𝒂̃𝒏𝒈☎️

💠- 𝙽𝚑𝚊̣̂𝚗 𝚐𝚒𝚊𝚘 𝚕𝚞̛𝚞 •
💠- 𝚃𝚑𝚞 𝚌𝚞̃ đ𝚘̂̉𝚒 𝚖𝚘̛́𝚒 𝚕𝚎̂𝚗 đ𝚘̛̀𝚒 𝚖𝚊́𝚢 •
💠- 𝙺𝚑𝚘̂𝚗𝚐 𝚕𝚘 𝚋𝚞̀ 𝚝𝚒𝚎̂̀𝚗 •

💥 𝐇𝐨̂̃ 𝐭𝐫𝐨̛̣ 𝐭𝐫𝐚̉ 𝐠𝐨́𝐩 𝟎 đ
💥 𝐂𝐡𝐢̉ 𝐜𝐚̂̀𝐧 𝐂𝐂𝐂𝐃 𝐤𝐡𝐨̂𝐧𝐠 𝐭𝐡𝐚̂̉𝐦 đ𝐢̣𝐧𝐡 𝐧𝐠𝐮̛𝐨̛̀𝐢 𝐭𝐡𝐚̂𝐧
💥 𝐂𝐚𝐦 𝐤𝐞̂́𝐭 𝐦𝐚́𝐲 𝐧𝐠𝐮𝐲𝐞̂𝐧 𝐳𝐢𝐧
💥 𝐂𝐡𝐞̂́ đ𝐨̣̂ 𝐛𝐚̉𝐨 𝐡𝐚̀𝐧𝐡 𝟏𝟐 𝐭𝐡𝐚́𝐧𝐠
💥 B𝐚𝐨 𝐭𝐞𝐬𝐭 𝐥𝐞̂𝐧 đ𝐞̂́𝐧 𝟒𝟓 𝐧𝐠𝐚̀𝐲

———------———
𝐇𝐨𝐭𝐥𝐢𝐧𝐞: 𝟎𝟖𝟕𝟖 𝟒𝟏𝟑 𝟒𝟏𝟑

🏡 𝗦𝘁𝗼𝗿𝗲:  𝟰𝟭𝟯 𝗛𝗼𝗮̀𝗻𝗴 𝗩𝗮̆𝗻 𝗧𝗵𝘂̣, 𝗣𝟮 , 𝗤. 𝗧𝗮̂𝗻 𝗕𝗶̀𝗻𝗵 

———------———                                                                                        

🌍 Link đường đi : https://goo.gl/maps/b2bxuwu9YBsouXHR7",-1.0,0.5,1.0,0.9,0.7999999999999999,1.7999999999999998
